,precision,recall,f1-score,support
0,0.9881656804733728,0.9709302325581395,0.9794721407624634,516.0
1,0.9719626168224299,0.9885931558935361,0.9802073515551367,526.0
accuracy,0.9798464491362764,0.9798464491362764,0.9798464491362764,0.9798464491362764
macro avg,0.9800641486479014,0.9797616942258378,0.9798397461588,1042.0
weighted avg,0.979986398822321,0.9798464491362764,0.9798432740416824,1042.0
