,precision,recall,f1-score,support
0,0.994140625,0.9864341085271318,0.990272373540856,516.0
1,0.9867924528301887,0.9942965779467681,0.990530303030303,526.0
accuracy,0.9904030710172744,0.9904030710172744,0.9904030710172744,0.9904030710172744
macro avg,0.9904665389150944,0.9903653432369499,0.9904013382855794,1042.0
weighted avg,0.9904312789718611,0.9904030710172744,0.990402575951076,1042.0
