,precision,recall,f1-score,support
0,0.9960552268244576,0.9786821705426356,0.9872922776148583,516.0
1,0.9794392523364486,0.9961977186311787,0.9877474081055607,526.0
accuracy,0.9875239923224568,0.9875239923224568,0.9875239923224568,0.9875239923224568
macro avg,0.9877472395804531,0.9874399445869071,0.9875198428602094,1042.0
weighted avg,0.987667508416883,0.9875239923224568,0.9875220267877082,1042.0
