,precision,recall,f1-score,support
0,0.9941634241245136,0.9903100775193798,0.9922330097087378,516.0
1,0.990530303030303,0.9942965779467681,0.9924098671726755,526.0
accuracy,0.9923224568138196,0.9923224568138196,0.9923224568138196,0.9923224568138196
macro avg,0.9923468635774083,0.992303327733074,0.9923214384407066,1042.0
weighted avg,0.992329430174845,0.9923224568138196,0.9923222870849675,1042.0
